{"cameraMode":{"drawMode":0,"name":"Shaded","section":"Shading Mode"},"sceneLighting":true,"audioPlay":false,"sceneViewState":{"m_AlwaysRefresh":false,"showFog":true,"showSkybox":true,"showFlares":true,"showImageEffects":true,"showParticleSystems":true,"showVisualEffectGraphs":true,"m_FxEnabled":true},"in2DMode":false,"pivot":{"x":472.4516296386719,"y":223.38795471191407,"z":-9.732620239257813},"rotation":{"x":-0.007810578681528568,"y":0.0005984156159684062,"z":-0.0000011720079555743724,"w":-0.9999700784683228},"size":222.99163818359376,"orthographic":false}